ORDERNUMBER,QUANTITYORDERED,PRICEEACH,ORDERLINENUMBER,SALES,ORDERDATE,STATUS,QTR_ID,MONTH_ID,YEAR_ID,PRODUCTLINE,MSRP,PRODUCTCODE,CUSTOMERNAME,PHONE,ADDRESSLINE1,ADDRESSLINE2,CITY,STATE,POSTALCODE,COUNTRY,TERRITORY,CONTACTLASTNAME,CONTACTFIRSTNAME,DEALSIZE,TOTAL_PRICE,MONTH_NAME
10107,30,95.7,2,2871.0,2003-02-24,Shipped,1,2,2003,Motorcycles,95,S10_1678,Land of Toys Inc.,2125557818,897 Long Airport Avenue,,NYC,NY,10022,USA,,Yu,Kwai,Small,2871.0,February
10121,34,81.35,5,2765.9,2003-05-07,Shipped,2,5,2003,Motorcycles,95,S10_1678,Reims Collectables,26.47.1555,59 rue de l'Abbaye,,Reims,,51100,France,EMEA,Henriot,Paul,Small,2765.8999999999996,May
10134,41,94.74,2,3884.34,2003-07-01,Shipped,3,7,2003,Motorcycles,95,S10_1678,Lyon Souveniers,+33 1 46 62 7555,27 rue du Colonel Pierre Avia,,Paris,,75508,France,EMEA,Da Cunha,Daniel,Medium,3884.3399999999997,July
10145,45,83.26,6,3746.7,2003-08-25,Shipped,3,8,2003,Motorcycles,95,S10_1678,Toys4GrownUps.com,6265557265,78934 Hillside Dr.,,Pasadena,CA,90003,USA,,Young,Julie,Medium,3746.7000000000003,August
10159,49,100.0,14,5205.27,2003-10-10,Shipped,4,10,2003,Motorcycles,95,S10_1678,Corporate Gift Ideas Co.,6505551386,7734 Strong St.,,San Francisco,CA,,USA,,Brown,Julie,Medium,4900.0,October
10168,36,96.66,1,3479.76,2003-10-28,Shipped,4,10,2003,Motorcycles,95,S10_1678,Technics Stores Inc.,6505556809,9408 Furth Circle,,Burlingame,CA,94217,USA,,Hirano,Juri,Medium,3479.7599999999998,October
10180,29,86.13,9,2497.77,2003-11-11,Shipped,4,11,2003,Motorcycles,95,S10_1678,Daedalus Designs Imports,20.16.1555,"184, chausse de Tournai",,Lille,,59000,France,EMEA,Rance,Martine,Small,2497.77,November
10188,48,100.0,1,5512.32,2003-11-18,Shipped,4,11,2003,Motorcycles,95,S10_1678,Herkku Gifts,+47 2267 3215,"Drammen 121, PR 744 Sentrum",,Bergen,,N 5804,Norway,EMEA,Oeztan,Veysel,Medium,4800.0,November
10201,22,98.57,2,2168.54,2003-12-01,Shipped,4,12,2003,Motorcycles,95,S10_1678,Mini Wheels Co.,6505555787,5557 North Pendale Street,,San Francisco,CA,,USA,,Murphy,Julie,Small,2168.54,December
10211,41,100.0,14,4708.44,2004-01-15,Shipped,1,1,2004,Motorcycles,95,S10_1678,Auto Canal Petit,(1) 47.55.6555,"25, rue Lauriston",,Paris,,75016,France,EMEA,Perrier,Dominique,Medium,4100.0,January
10223,37,100.0,1,3965.66,2004-02-20,Shipped,1,2,2004,Motorcycles,95,S10_1678,"Australian Collectors, Co.",03 9520 4555,636 St Kilda Road,Level 3,Melbourne,Victoria,3004,Australia,APAC,Ferguson,Peter,Medium,3700.0,February
10237,23,100.0,7,2333.12,2004-04-05,Shipped,2,4,2004,Motorcycles,95,S10_1678,Vitachrome Inc.,2125551500,2678 Kingston Rd.,Suite 101,NYC,NY,10022,USA,,Frick,Michael,Small,2300.0,April
10251,28,100.0,2,3188.64,2004-05-18,Shipped,2,5,2004,Motorcycles,95,S10_1678,Tekni Collectables Inc.,2015559350,7476 Moss Rd.,,Newark,NJ,94019,USA,,Brown,William,Medium,2800.0,May
10263,34,100.0,2,3676.76,2004-06-28,Shipped,2,6,2004,Motorcycles,95,S10_1678,Gift Depot Inc.,2035552570,25593 South Bay Ln.,,Bridgewater,CT,97562,USA,,King,Julie,Medium,3400.0,June
10275,45,92.83,1,4177.35,2004-07-23,Shipped,3,7,2004,Motorcycles,95,S10_1678,La Rochelle Gifts,40.67.8555,"67, rue des Cinquante Otages",,Nantes,,44000,France,EMEA,Labrune,Janine,Medium,4177.35,July
10285,36,100.0,6,4099.68,2004-08-27,Shipped,3,8,2004,Motorcycles,95,S10_1678,Marta's Replicas Co.,6175558555,39323 Spinnaker Dr.,,Cambridge,MA,51247,USA,,Hernandez,Marta,Medium,3600.0,August
10299,23,100.0,9,2597.39,2004-09-30,Shipped,3,9,2004,Motorcycles,95,S10_1678,"Toys of Finland, Co.",90-224 8555,Keskuskatu 45,,Helsinki,,21240,Finland,EMEA,Karttunen,Matti,Small,2300.0,September
10309,41,100.0,5,4394.38,2004-10-15,Shipped,4,10,2004,Motorcycles,95,S10_1678,Baane Mini Imports,07-98 9555,Erling Skakkes gate 78,,Stavern,,4110,Norway,EMEA,Bergulfsen,Jonas,Medium,4100.0,October
10318,46,94.74,1,4358.04,2004-11-02,Shipped,4,11,2004,Motorcycles,95,S10_1678,Diecast Classics Inc.,2155551555,7586 Pompton St.,,Allentown,PA,70267,USA,,Yu,Kyung,Medium,4358.04,November
10329,42,100.0,1,4396.14,2004-11-15,Shipped,4,11,2004,Motorcycles,95,S10_1678,Land of Toys Inc.,2125557818,897 Long Airport Avenue,,NYC,NY,10022,USA,,Yu,Kwai,Medium,4200.0,November
10341,41,100.0,9,7737.93,2004-11-24,Shipped,4,11,2004,Motorcycles,95,S10_1678,Salzburg Collectables,6562-9555,Geislweg 14,,Salzburg,,5020,Austria,EMEA,Pipps,Georg,Large,4100.0,November
10361,20,72.55,13,1451.0,2004-12-17,Shipped,4,12,2004,Motorcycles,95,S10_1678,Souveniers And Things Co.,+61 2 9495 8555,"Monitor Money Building, 815 Pacific Hwy",Level 6,Chatswood,NSW,2067,Australia,APAC,Huxley,Adrian,Small,1451.0,December
10375,21,34.91,12,733.11,2005-02-03,Shipped,1,2,2005,Motorcycles,95,S10_1678,La Rochelle Gifts,40.67.8555,"67, rue des Cinquante Otages",,Nantes,,44000,France,EMEA,Labrune,Janine,Small,733.1099999999999,February
10388,42,76.36,4,3207.12,2005-03-03,Shipped,1,3,2005,Motorcycles,95,S10_1678,FunGiftIdeas.com,5085552555,1785 First Street,,New Bedford,MA,50553,USA,,Benitez,Violeta,Medium,3207.12,March
10403,24,100.0,7,2434.56,2005-04-08,Shipped,2,4,2005,Motorcycles,95,S10_1678,"UK Collectables, Ltd.",(171) 555-2282,Berkeley Gardens 12  Brewery,,Liverpool,,WX1 6LT,UK,EMEA,Devon,Elizabeth,Small,2400.0,April
10417,66,100.0,2,7516.08,2005-05-13,Disputed,2,5,2005,Motorcycles,95,S10_1678,Euro Shopping Channel,(91) 555 94 44,"C/ Moralzarzal, 86",,Madrid,,28034,Spain,EMEA,Freyre,Diego,Large,6600.0,May
10103,26,100.0,11,5404.62,2003-01-29,Shipped,1,1,2003,Vintage Cars,214,S10_1949,Baane Mini Imports,07-98 9555,Erling Skakkes gate 78,,Stavern,,4110,Norway,EMEA,Bergulfsen,Jonas,Medium,2600.0,January
10112,29,100.0,1,7209.11,2003-03-24,Shipped,1,3,2003,Vintage Cars,214,S10_1949,"Volvo Model Replicas, Co",0921-12 3555,Berguvsvgen  8,,Lule,,S-958 22,Sweden,EMEA,Berglund,Christina,Large,2900.0,March
10126,38,100.0,11,7329.06,2003-05-28,Shipped,2,5,2003,Vintage Cars,214,S10_1949,"Corrida Auto Replicas, Ltd",(91) 555 22 82,"C/ Araquil, 67",,Madrid,,28023,Spain,EMEA,Sommer,Mart¡n,Large,3800.0,May
10140,37,100.0,11,7374.1,2003-07-24,Shipped,3,7,2003,Vintage Cars,214,S10_1949,Technics Stores Inc.,6505556809,9408 Furth Circle,,Burlingame,CA,94217,USA,,Hirano,Juri,Large,3700.0,July
10150,45,100.0,8,10993.5,2003-09-19,Shipped,3,9,2003,Vintage Cars,214,S10_1949,"Dragon Souveniers, Ltd.",+65 221 7555,"Bronz Sok., Bronz Apt. 3/6 Tesvikiye",,Singapore,,79903,Singapore,Japan,Natividad,Eric,Large,4500.0,September
10163,21,100.0,1,4860.24,2003-10-20,Shipped,4,10,2003,Vintage Cars,214,S10_1949,Classic Legends Inc.,2125558493,5905 Pompton St.,Suite 750,NYC,NY,10022,USA,,Hernandez,Maria,Medium,2100.0,October
10174,34,100.0,4,8014.82,2003-11-06,Shipped,4,11,2003,Vintage Cars,214,S10_1949,"Australian Gift Network, Co",61-7-3844-6555,31 Duncan St. West End,,South Brisbane,Queensland,4101,Australia,APAC,Calaghan,Tony,Large,3400.0,November
10183,23,100.0,8,5372.57,2003-11-13,Shipped,4,11,2003,Vintage Cars,214,S10_1949,"Classic Gift Ideas, Inc",2155554695,782 First Street,,Philadelphia,PA,71270,USA,,Cervantes,Francisca,Medium,2300.0,November
10194,42,100.0,11,7290.36,2003-11-25,Shipped,4,11,2003,Vintage Cars,214,S10_1949,"Saveley & Henriot, Co.",78.32.5555,"2, rue du Commerce",,Lyon,,69004,France,EMEA,Saveley,Mary,Large,4200.0,November
10206,47,100.0,6,9064.89,2003-12-05,Shipped,4,12,2003,Vintage Cars,214,S10_1949,Canadian Gift Exchange Network,(604) 555-3392,1900 Oak St.,,Vancouver,BC,V3F 2K1,Canada,,Tannamuri,Yoshi,Large,4700.0,December
10215,35,100.0,3,6075.3,2004-01-29,Shipped,1,1,2004,Vintage Cars,214,S10_1949,West Coast Collectables Co.,3105553722,3675 Furth Circle,,Burbank,CA,94019,USA,,Thompson,Steve,Medium,3500.0,January
10228,29,100.0,2,6463.23,2004-03-10,Shipped,1,3,2004,Vintage Cars,214,S10_1949,Cambridge Collectables Co.,6175555555,4658 Baden Av.,,Cambridge,MA,51247,USA,,Tseng,Kyung,Medium,2900.0,March
10245,34,100.0,9,6120.34,2004-05-04,Shipped,2,5,2004,Vintage Cars,214,S10_1949,Super Scale Inc.,2035559545,567 North Pendale Street,,New Haven,CT,97823,USA,,Murphy,Leslie,Medium,3400.0,May
10258,32,100.0,6,7680.64,2004-06-15,Shipped,2,6,2004,Vintage Cars,214,S10_1949,"Tokyo Collectables, Ltd",+81 3 3584 0555,2-2-8 Roppongi,,Minato-ku,Tokyo,106-0032,Japan,Japan,Shimamura,Akiko,Large,3200.0,June
10270,21,100.0,9,4905.39,2004-07-19,Shipped,3,7,2004,Vintage Cars,214,S10_1949,Souveniers And Things Co.,+61 2 9495 8555,"Monitor Money Building, 815 Pacific Hwy",Level 6,Chatswood,NSW,2067,Australia,APAC,Huxley,Adrian,Medium,2100.0,July
10280,34,100.0,2,8014.82,2004-08-17,Shipped,3,8,2004,Vintage Cars,214,S10_1949,Amica Models & Co.,011-4988555,Via Monte Bianco 34,,Torino,,10100,Italy,EMEA,Accorti,Paolo,Large,3400.0,August
10291,37,100.0,11,7136.19,2004-09-08,Shipped,3,9,2004,Vintage Cars,214,S10_1949,Scandinavian Gift Ideas,0695-34 6555,?kergatan 24,,Boras,,S-844 67,Sweden,EMEA,Larsson,Maria,Large,3700.0,September
10304,47,100.0,6,10172.7,2004-10-11,Shipped,4,10,2004,Vintage Cars,214,S10_1949,Auto Assoc. & Cie.,30.59.8555,"67, avenue de l'Europe",,Versailles,,78000,France,EMEA,Tonini,Daniel,Large,4700.0,October
10312,48,100.0,3,11623.7,2004-10-21,Shipped,4,10,2004,Vintage Cars,214,S10_1949,Mini Gifts Distributors Ltd.,4155551450,5677 Strong St.,,San Rafael,CA,97562,USA,,Nelson,Valarie,Large,4800.0,October
10322,40,100.0,1,6000.4,2004-11-04,Shipped,4,11,2004,Vintage Cars,214,S10_1949,Online Diecast Creations Co.,6035558647,2304 Long Airport Avenue,,Nashua,NH,62005,USA,,Young,Valarie,Medium,4000.0,November
10333,26,100.0,3,3003.0,2004-11-18,Shipped,4,11,2004,Vintage Cars,214,S10_1949,Mini Wheels Co.,6505555787,5557 North Pendale Street,,San Francisco,CA,,USA,,Murphy,Julie,Medium,2600.0,November
10347,30,100.0,1,3944.7,2004-11-29,Shipped,4,11,2004,Vintage Cars,214,S10_1949,"Australian Collectors, Co.",03 9520 4555,636 St Kilda Road,Level 3,Melbourne,Victoria,3004,Australia,APAC,Ferguson,Peter,Medium,3000.0,November
10357,32,100.0,10,5691.84,2004-12-10,Shipped,4,12,2004,Vintage Cars,214,S10_1949,Mini Gifts Distributors Ltd.,4155551450,5677 Strong St.,,San Rafael,CA,97562,USA,,Nelson,Valarie,Medium,3200.0,December
10369,41,100.0,2,4514.92,2005-01-20,Shipped,1,1,2005,Vintage Cars,214,S10_1949,Collectables For Less Inc.,6175558555,7825 Douglas Av.,,Brickhaven,MA,58339,USA,,Nelson,Allen,Medium,4100.0,January
10381,36,100.0,3,8254.8,2005-02-17,Shipped,1,2,2005,Vintage Cars,214,S10_1949,Corporate Gift Ideas Co.,6505551386,7734 Strong St.,,San Francisco,CA,,USA,,Brown,Julie,Large,3600.0,February
10391,24,100.0,4,2416.56,2005-03-09,Shipped,1,3,2005,Vintage Cars,214,S10_1949,"Anna's Decorations, Ltd",02 9936 8555,201 Miller Street,Level 15,North Sydney,NSW,2060,Australia,APAC,O'Hara,Anna,Small,2400.0,March
10411,23,100.0,9,4140.23,2005-05-01,Shipped,2,5,2005,Vintage Cars,214,S10_1949,Quebec Home Shopping Network,(514) 555-8054,43 rue St. Laurent,,Montreal,Quebec,H1J 1C3,Canada,,Fresnisre,Jean,Medium,2300.0,May
10424,50,100.0,6,12001.0,2005-05-31,In Process,2,5,2005,Vintage Cars,214,S10_1949,Euro Shopping Channel,(91) 555 94 44,"C/ Moralzarzal, 86",,Madrid,,28034,Spain,EMEA,Freyre,Diego,Large,5000.0,May
10120,29,96.34,3,2793.86,2003-04-29,Shipped,2,4,2003,Motorcycles,118,S10_2016,"Australian Collectors, Co.",03 9520 4555,636 St Kilda Road,Level 3,Melbourne,Victoria,3004,Australia,APAC,Ferguson,Peter,Small,2793.86,April
10210,23,100.0,2,3009.09,2004-01-12,Shipped,1,1,2004,Motorcycles,118,S10_2016,Osaka Souveniers Co.,+81 06 6342 5555,"Dojima Avanza 4F, 1-6-20 Dojima, Kita-ku",,Osaka,Osaka,530-0003,Japan,Japan,Kentary,Mory,Medium,2300.0,January
10236,22,100.0,1,2852.08,2004-04-03,Shipped,2,4,2004,Motorcycles,118,S10_2016,Motor Mint Distributors Inc.,2155559857,11328 Douglas Av.,,Philadelphia,PA,71270,USA,,Hernandez,Rosa,Small,2200.0,April
10298,39,96.34,1,3757.26,2004-09-27,Shipped,3,9,2004,Motorcycles,118,S10_2016,Atelier graphique,40.32.2555,"54, rue Royale",,Nantes,,44000,France,EMEA,Schmitt,Carine,Medium,3757.26,September
10308,34,100.0,2,4043.96,2004-10-15,Shipped,4,10,2004,Motorcycles,118,S10_2016,Mini Classics,9145554562,3758 North Pendale Street,,White Plains,NY,24067,USA,,Frick,Steve,Medium,3400.0,October
10339,40,68.92,4,2756.8,2004-11-23,Shipped,4,11,2004,Motorcycles,118,S10_2016,"Tokyo Collectables, Ltd",+81 3 3584 0555,2-2-8 Roppongi,,Minato-ku,Tokyo,106-0032,Japan,Japan,Shimamura,Akiko,Small,2756.8,November
10374,39,100.0,5,5288.01,2005-02-02,Shipped,1,2,2005,Motorcycles,118,S10_2016,"Australian Gift Network, Co",61-7-3844-6555,31 Duncan St. West End,,South Brisbane,Queensland,4101,Australia,APAC,Calaghan,Tony,Medium,3900.0,February
10402,45,100.0,1,5833.8,2005-04-07,Shipped,2,4,2005,Motorcycles,118,S10_2016,Auto Canal Petit,(1) 47.55.6555,"25, rue Lauriston",,Paris,,75016,France,EMEA,Perrier,Dominique,Medium,4500.0,April
10362,22,100.0,4,3664.1,2005-01-05,Shipped,1,1,2005,Motorcycles,193,S10_4698,Technics Stores Inc.,6505556809,9408 Furth Circle,,Burlingame,CA,94217,USA,,Hirano,Juri,Medium,2200.0,January
10105,50,100.0,2,7208.0,2003-02-11,Shipped,1,2,2003,Vintage Cars,136,S10_4757,Danish Wholesale Imports,31 12 3555,Vinb'ltet 34,,Kobenhavn,,1734,Denmark,EMEA,Petersen,Jytte,Large,5000.0,February
10119,46,100.0,11,5004.8,2003-04-28,Shipped,2,4,2003,Vintage Cars,136,S10_4757,Salzburg Collectables,6562-9555,Geislweg 14,,Salzburg,,5020,Austria,EMEA,Pipps,Georg,Medium,4600.0,April
10129,33,100.0,2,4398.24,2003-06-12,Shipped,2,6,2003,Vintage Cars,136,S10_4757,"Stylish Desk Decors, Co.",(171) 555-0297,35 King George,,London,,WX3 6FW,UK,EMEA,Brown,Ann,Medium,3300.0,June
10143,49,100.0,15,5597.76,2003-08-10,Shipped,3,8,2003,Vintage Cars,136,S10_4757,Mini Creations Ltd.,5085559555,4575 Hillside Dr.,,New Bedford,MA,50553,USA,,Tam,Wing C,Medium,4900.0,August
10155,32,100.0,13,4526.08,2003-10-06,Shipped,4,10,2003,Vintage Cars,136,S10_4757,"Toys of Finland, Co.",90-224 8555,Keskuskatu 45,,Helsinki,,21240,Finland,EMEA,Karttunen,Matti,Medium,3200.0,October
10167,44,100.0,9,5924.16,2003-10-23,Cancelled,4,10,2003,Vintage Cars,136,S10_4757,Scandinavian Gift Ideas,0695-34 6555,?kergatan 24,,Boras,,S-844 67,Sweden,EMEA,Larsson,Maria,Medium,4400.0,October
10178,24,100.0,12,3492.48,2003-11-08,Shipped,4,11,2003,Vintage Cars,136,S10_4757,Alpha Cognac,61.77.6555,1 rue Alsace-Lorraine,,Toulouse,,31000,France,EMEA,Roulet,Annette,Medium,2400.0,November
10186,26,100.0,9,3854.24,2003-11-14,Shipped,4,11,2003,Vintage Cars,136,S10_4757,"Double Decker Gift Stores, Ltd",(171) 555-7555,120 Hanover Sq.,,London,,WA1 1DP,UK,EMEA,Hardy,Thomas,Medium,2600.0,November
10197,45,100.0,6,5324.4,2003-11-26,Shipped,4,11,2003,Vintage Cars,136,S10_4757,Enaco Distributors,(93) 203 4555,"Rambla de Catalu¤a, 23",,Barcelona,,8022,Spain,EMEA,Saavedra,Eduardo,Medium,4500.0,November
10209,39,100.0,8,5197.92,2004-01-09,Shipped,1,1,2004,Vintage Cars,136,S10_4757,"Men 'R' US Retailers, Ltd.",2155554369,6047 Douglas Av.,,Los Angeles,CA,,USA,,Chandler,Michael,Medium,3900.0,January
10222,49,100.0,12,5997.6,2004-02-19,Shipped,1,2,2004,Vintage Cars,136,S10_4757,Collectable Mini Designs Co.,7605558146,361 Furth Circle,,San Diego,CA,91217,USA,,Thompson,Valarie,Medium,4900.0,February
10248,20,100.0,3,2910.4,2004-05-07,Cancelled,2,5,2004,Vintage Cars,136,S10_4757,Land of Toys Inc.,2125557818,897 Long Airport Avenue,,NYC,NY,10022,USA,,Yu,Kwai,Small,2000.0,May
10261,27,100.0,1,3378.24,2004-06-17,Shipped,2,6,2004,Vintage Cars,136,S10_4757,Quebec Home Shopping Network,(514) 555-8054,43 rue St. Laurent,,Montreal,Quebec,H1J 1C3,Canada,,Fresnisre,Jean,Medium,2700.0,June
10273,30,100.0,4,3508.8,2004-07-21,Shipped,3,7,2004,Vintage Cars,136,S10_4757,Petit Auto,(02) 5554 67,Rue Joseph-Bens 532,,Bruxelles,,B-1180,Belgium,EMEA,Dewey,Catherine,Medium,3000.0,July
10283,25,100.0,6,2992.0,2004-08-20,Shipped,3,8,2004,Vintage Cars,136,S10_4757,"Royal Canadian Collectables, Ltd.",(604) 555-4555,23 Tsawassen Blvd.,,Tsawassen,BC,T2F 8M4,Canada,,Lincoln,Elizabeth,Small,2500.0,August
10295,24,100.0,1,3427.2,2004-09-10,Shipped,3,9,2004,Vintage Cars,136,S10_4757,Gifts4AllAges.com,6175559555,8616 Spinnaker Dr.,,Boston,MA,51003,USA,,Yoshido,Juri,Medium,2400.0,September
10307,22,100.0,9,2692.8,2004-10-14,Shipped,4,10,2004,Vintage Cars,136,S10_4757,"Classic Gift Ideas, Inc",2155554695,782 First Street,,Philadelphia,PA,71270,USA,,Cervantes,Francisca,Small,2200.0,October
10316,33,100.0,17,4128.96,2004-11-01,Shipped,4,11,2004,Vintage Cars,136,S10_4757,giftsbymail.co.uk,(198) 555-8888,Garden House Crowther Way,,Cowes,Isle of Wight,PO31 7PJ,UK,EMEA,Bennett,Helen,Medium,3300.0,November
10325,47,64.93,6,3051.71,2004-11-05,Shipped,4,11,2004,Vintage Cars,136,S10_4757,Baane Mini Imports,07-98 9555,Erling Skakkes gate 78,,Stavern,,4110,Norway,EMEA,Bergulfsen,Jonas,Medium,3051.7100000000005,November
10337,25,48.05,8,1201.25,2004-11-21,Shipped,4,11,2004,Vintage Cars,136,S10_4757,Classic Legends Inc.,2125558493,5905 Pompton St.,Suite 750,NYC,NY,10022,USA,,Hernandez,Maria,Small,1201.25,November
10350,26,75.47,5,1962.22,2004-12-02,Shipped,4,12,2004,Vintage Cars,136,S10_4757,Euro Shopping Channel,(91) 555 94 44,"C/ Moralzarzal, 86",,Madrid,,28034,Spain,EMEA,Freyre,Diego,Small,1962.22,December
10359,48,54.68,6,2624.64,2004-12-15,Shipped,4,12,2004,Vintage Cars,136,S10_4757,Reims Collectables,26.47.1555,59 rue de l'Abbaye,,Reims,,51100,France,EMEA,Henriot,Paul,Small,2624.64,December
10373,39,100.0,3,4046.25,2005-01-31,Shipped,1,1,2005,Vintage Cars,136,S10_4757,"Oulu Toy Supplies, Inc.",981-443655,Torikatu 38,,Oulu,,90110,Finland,EMEA,Koskitalo,Pirkko,Medium,3900.0,January
10384,34,100.0,4,4846.7,2005-02-23,Shipped,1,2,2005,Vintage Cars,136,S10_4757,Corporate Gift Ideas Co.,6505551386,7734 Strong St.,,San Francisco,CA,,USA,,Brown,Julie,Medium,3400.0,February
10395,32,100.0,2,3370.56,2005-03-17,Shipped,1,3,2005,Vintage Cars,136,S10_4757,Lyon Souveniers,+33 1 46 62 7555,27 rue du Colonel Pierre Avia,,Paris,,75508,France,EMEA,Da Cunha,Daniel,Medium,3200.0,March
10400,64,100.0,9,9661.44,2005-04-01,Shipped,2,4,2005,Vintage Cars,136,S10_4757,The Sharp Gifts Warehouse,4085553659,3086 Ingle Ln.,,San Jose,CA,94217,USA,,Frick,Sue,Large,6400.0,April
10414,19,100.0,3,2764.88,2005-05-06,On Hold,2,5,2005,Vintage Cars,136,S10_4757,Gifts4AllAges.com,6175559555,8616 Spinnaker Dr.,,Boston,MA,51003,USA,,Yoshido,Juri,Small,1900.0,May
10114,31,100.0,8,4305.28,2003-04-01,Shipped,2,4,2003,Vintage Cars,147,S10_4962,"La Corne D'abondance, Co.",(1) 42.34.2555,"265, boulevard Charonne",,Paris,,75012,France,EMEA,Bertrand,Marie,Medium,3100.0,April
10164,21,100.0,2,3536.82,2003-10-21,Resolved,4,10,2003,Vintage Cars,147,S10_4962,Mini Auto Werke,7675-3555,Kirchgasse 6,,Graz,,8010,Austria,EMEA,Mendel,Roland,Medium,2100.0,October
10175,33,100.0,9,5362.83,2003-11-06,Shipped,4,11,2003,Vintage Cars,147,S10_4962,"Stylish Desk Decors, Co.",(171) 555-0297,35 King George,,London,,WX3 6FW,UK,EMEA,Brown,Ann,Medium,3300.0,November
10207,31,100.0,15,4076.19,2003-12-09,Shipped,4,12,2003,Vintage Cars,147,S10_4962,Diecast Collectables,6175552555,6251 Ingle Ln.,,Boston,MA,51003,USA,,Franco,Valarie,Medium,3100.0,December
10217,48,100.0,4,7020.48,2004-02-04,Shipped,1,2,2004,Vintage Cars,147,S10_4962,Handji Gifts& Co,+65 224 1555,Village Close - 106 Linden Road Sandown,2nd Floor,Singapore,,69045,Singapore,APAC,Victorino,Wendy,Large,4800.0,February
10229,50,100.0,9,6426.5,2004-03-11,Shipped,1,3,2004,Vintage Cars,147,S10_4962,Mini Gifts Distributors Ltd.,4155551450,5677 Strong St.,,San Rafael,CA,97562,USA,,Nelson,Valarie,Medium,5000.0,March
10259,26,100.0,12,4033.38,2004-06-15,Shipped,2,6,2004,Vintage Cars,147,S10_4962,Handji Gifts& Co,+65 224 1555,Village Close - 106 Linden Road Sandown,2nd Floor,Singapore,,69045,Singapore,APAC,Victorino,Wendy,Medium,2600.0,June
10281,44,100.0,9,7020.64,2004-08-19,Shipped,3,8,2004,Vintage Cars,147,S10_4962,Diecast Classics Inc.,2155551555,7586 Pompton St.,,Allentown,PA,70267,USA,,Yu,Kyung,Large,4400.0,August
10305,38,100.0,13,6680.78,2004-10-13,Shipped,4,10,2004,Vintage Cars,147,S10_4962,Marta's Replicas Co.,6175558555,39323 Spinnaker Dr.,,Cambridge,MA,51247,USA,,Hernandez,Marta,Medium,3800.0,October
10313,40,100.0,7,6678.0,2004-10-22,Shipped,4,10,2004,Vintage Cars,147,S10_4962,Canadian Gift Exchange Network,(604) 555-3392,1900 Oak St.,,Vancouver,BC,V3F 2K1,Canada,,Tannamuri,Yoshi,Medium,4000.0,October
10334,26,100.0,2,3188.12,2004-11-19,On Hold,4,11,2004,Vintage Cars,147,S10_4962,"Volvo Model Replicas, Co",0921-12 3555,Berguvsvgen  8,,Lule,,S-958 22,Sweden,EMEA,Berglund,Christina,Medium,2600.0,November
10370,35,65.63,4,2297.05,2005-01-20,Shipped,1,1,2005,Vintage Cars,147,S10_4962,"Anna's Decorations, Ltd",02 9936 8555,201 Miller Street,Level 15,North Sydney,NSW,2060,Australia,APAC,O'Hara,Anna,Small,2297.0499999999997,January
10425,38,100.0,12,5894.94,2005-05-31,In Process,2,5,2005,Vintage Cars,147,S10_4962,La Rochelle Gifts,40.67.8555,"67, rue des Cinquante Otages",,Nantes,,44000,France,EMEA,Labrune,Janine,Medium,3800.0,May
10108,33,100.0,6,5265.15,2003-03-03,Shipped,1,3,2003,Vintage Cars,194,S12_1099,Cruz & Sons Co.,+63 2 555 3587,15 McCallum Street - NatWest Center #13-03,,Makati City,,1227 MM,Philippines,Japan,Cruz,Arnold,Medium,3300.0,March
10122,42,100.0,10,7599.9,2003-05-08,Shipped,2,5,2003,Vintage Cars,194,S12_1099,Marseille Mini Autos,91.24.4555,"12, rue des Bouchers",,Marseille,,13008,France,EMEA,Lebihan,Laurence,Large,4200.0,May
10135,42,100.0,7,8008.56,2003-07-02,Shipped,3,7,2003,Vintage Cars,194,S12_1099,Mini Gifts Distributors Ltd.,4155551450,5677 Strong St.,,San Rafael,CA,97562,USA,,Nelson,Valarie,Large,4200.0,July
10147,48,100.0,7,9245.76,2003-09-05,Shipped,3,9,2003,Vintage Cars,194,S12_1099,Collectables For Less Inc.,6175558555,7825 Douglas Av.,,Brickhaven,MA,58339,USA,,Nelson,Allen,Large,4800.0,September
10169,30,100.0,2,5019.9,2003-11-04,Shipped,4,11,2003,Vintage Cars,194,S12_1099,"Anna's Decorations, Ltd",02 9936 8555,201 Miller Street,Level 15,North Sydney,NSW,2060,Australia,APAC,O'Hara,Anna,Medium,3000.0,November
10181,27,100.0,14,5411.07,2003-11-12,Shipped,4,11,2003,Vintage Cars,194,S12_1099,Herkku Gifts,+47 2267 3215,"Drammen 121, PR 744 Sentrum",,Bergen,,N 5804,Norway,EMEA,Oeztan,Veysel,Medium,2700.0,November
10191,21,100.0,3,3840.9,2003-11-20,Shipped,4,11,2003,Vintage Cars,194,S12_1099,"Toms Spezialitten, Ltd",0221-5554327,Mehrheimerstr. 369,,Koln,,50739,Germany,EMEA,Pfalzheim,Henriette,Medium,2100.0,November
10203,20,100.0,8,3930.4,2003-12-02,Shipped,4,12,2003,Vintage Cars,194,S12_1099,Euro Shopping Channel,(91) 555 94 44,"C/ Moralzarzal, 86",,Madrid,,28034,Spain,EMEA,Freyre,Diego,Medium,2000.0,December
10225,27,100.0,9,4517.91,2004-02-22,Shipped,1,2,2004,Vintage Cars,194,S12_1099,"Vida Sport, Ltd",0897-034555,Grenzacherweg 237,,Gensve,,1203,Switzerland,EMEA,Holz,Michael,Medium,2700.0,February
10238,28,100.0,3,5774.72,2004-04-09,Shipped,2,4,2004,Vintage Cars,194,S12_1099,Danish Wholesale Imports,31 12 3555,Vinb'ltet 34,,Kobenhavn,,1734,Denmark,EMEA,Petersen,Jytte,Medium,2800.0,April
10253,24,100.0,13,3922.56,2004-06-01,Cancelled,2,6,2004,Vintage Cars,194,S12_1099,"UK Collectables, Ltd.",(171) 555-2282,Berkeley Gardens 12  Brewery,,Liverpool,,WX1 6LT,UK,EMEA,Devon,Elizabeth,Medium,2400.0,June
10266,44,100.0,14,9160.36,2004-07-06,Shipped,3,7,2004,Vintage Cars,194,S12_1099,L'ordine Souveniers,0522-556555,Strada Provinciale 124,,Reggio Emilia,,42100,Italy,EMEA,Moroni,Maurizio,Large,4400.0,July
10276,50,100.0,3,9631.0,2004-08-02,Shipped,3,8,2004,Vintage Cars,194,S12_1099,Online Mini Collectables,6175557555,7635 Spinnaker Dr.,,Brickhaven,MA,58339,USA,,Barajas,Miguel,Large,5000.0,August
10287,21,100.0,12,3432.24,2004-08-30,Shipped,3,8,2004,Vintage Cars,194,S12_1099,"Vida Sport, Ltd",0897-034555,Grenzacherweg 237,,Gensve,,1203,Switzerland,EMEA,Holz,Michael,Medium,2100.0,August
10300,33,100.0,5,5521.89,2003-10-04,Shipped,4,10,2003,Vintage Cars,194,S12_1099,"Blauer See Auto, Co.",+49 69 66 90 2555,Lyonerstr. 34,,Frankfurt,,60528,Germany,EMEA,Keitel,Roland,Medium,3300.0,October
10310,33,100.0,10,6934.62,2004-10-16,Shipped,4,10,2004,Vintage Cars,194,S12_1099,"Toms Spezialitten, Ltd",0221-5554327,Mehrheimerstr. 369,,Koln,,50739,Germany,EMEA,Pfalzheim,Henriette,Medium,3300.0,October
10320,31,100.0,3,6876.11,2004-11-03,Shipped,4,11,2004,Vintage Cars,194,S12_1099,"Volvo Model Replicas, Co",0921-12 3555,Berguvsvgen  8,,Lule,,S-958 22,Sweden,EMEA,Berglund,Christina,Medium,3100.0,November
10363,33,85.39,3,2817.87,2005-01-06,Shipped,1,1,2005,Vintage Cars,194,S12_1099,Suominen Souveniers,+358 9 8045 555,"Software Engineering Center, SEC Oy",,Espoo,,FIN-02271,Finland,EMEA,Suominen,Kalle,Small,2817.87,January
10389,26,99.04,4,2575.04,2005-03-03,Shipped,1,3,2005,Vintage Cars,194,S12_1099,Scandinavian Gift Ideas,0695-34 6555,?kergatan 24,,Boras,,S-844 67,Sweden,EMEA,Larsson,Maria,Small,2575.04,March
10419,12,100.0,13,1961.28,2005-05-17,Shipped,2,5,2005,Vintage Cars,194,S12_1099,Salzburg Collectables,6562-9555,Geislweg 14,,Salzburg,,5020,Austria,EMEA,Pipps,Georg,Small,1200.0,May
10117,33,100.0,9,6034.38,2003-04-16,Shipped,2,4,2003,Vintage Cars,207,S12_1108,"Dragon Souveniers, Ltd.",+65 221 7555,"Bronz Sok., Bronz Apt. 3/6 Tesvikiye",,Singapore,,79903,Singapore,Japan,Natividad,Eric,Medium,3300.0,April
10127,46,100.0,2,11279.2,2003-06-03,Shipped,2,6,2003,Vintage Cars,207,S12_1108,Muscle Machine Inc,2125557413,4092 Furth Circle,Suite 400,NYC,NY,10022,USA,,Young,Jeff,Large,4600.0,June
10142,33,100.0,12,8023.29,2003-08-08,Shipped,3,8,2003,Vintage Cars,207,S12_1108,Mini Gifts Distributors Ltd.,4155551450,5677 Strong St.,,San Rafael,CA,97562,USA,,Nelson,Valarie,Large,3300.0,August
10153,20,100.0,11,4904.0,2003-09-28,Shipped,3,9,2003,Vintage Cars,207,S12_1108,Euro Shopping Channel,(91) 555 94 44,"C/ Moralzarzal, 86",,Madrid,,28034,Spain,EMEA,Freyre,Diego,Medium,2000.0,September
10165,44,100.0,3,8594.52,2003-10-22,Shipped,4,10,2003,Vintage Cars,207,S12_1108,"Dragon Souveniers, Ltd.",+65 221 7555,"Bronz Sok., Bronz Apt. 3/6 Tesvikiye",,Singapore,,79903,Singapore,Japan,Natividad,Eric,Large,4400.0,October
10176,33,100.0,2,7474.5,2003-11-06,Shipped,4,11,2003,Vintage Cars,207,S12_1108,L'ordine Souveniers,0522-556555,Strada Provinciale 124,,Reggio Emilia,,42100,Italy,EMEA,Moroni,Maurizio,Large,3300.0,November
10185,21,100.0,13,3883.74,2003-11-14,Shipped,4,11,2003,Vintage Cars,207,S12_1108,Mini Creations Ltd.,5085559555,4575 Hillside Dr.,,New Bedford,MA,50553,USA,,Tam,Wing C,Medium,2100.0,November
10196,47,100.0,5,8887.7,2003-11-26,Shipped,4,11,2003,Vintage Cars,207,S12_1108,Super Scale Inc.,2035559545,567 North Pendale Street,,New Haven,CT,97823,USA,,Murphy,Leslie,Large,4700.0,November
10208,46,100.0,13,8602.92,2004-01-02,Shipped,1,1,2004,Vintage Cars,207,S12_1108,"Saveley & Henriot, Co.",78.32.5555,"2, rue du Commerce",,Lyon,,69004,France,EMEA,Saveley,Mary,Large,4600.0,January
10220,32,100.0,2,7181.44,2004-02-12,Shipped,1,2,2004,Vintage Cars,207,S12_1108,"Clover Collections, Co.",+353 1862 1555,25 Maiden Lane,Floor No. 4,Dublin,,2,Ireland,EMEA,Cassidy,Dean,Large,3200.0,February
10231,42,100.0,2,8378.58,2004-03-19,Shipped,1,3,2004,Vintage Cars,207,S12_1108,CAF Imports,+34 913 728 555,"Merchants House, 27-30 Merchant's Quay",,Madrid,,28023,Spain,EMEA,Fernandez,Jesus,Large,4200.0,March
10247,44,100.0,2,10606.2,2004-05-05,Shipped,2,5,2004,Vintage Cars,207,S12_1108,Suominen Souveniers,+358 9 8045 555,"Software Engineering Center, SEC Oy",,Espoo,,FIN-02271,Finland,EMEA,Suominen,Kalle,Large,4400.0,May
10272,35,100.0,2,5818.4,2004-07-20,Shipped,3,7,2004,Vintage Cars,207,S12_1108,Diecast Classics Inc.,2155551555,7586 Pompton St.,,Allentown,PA,70267,USA,,Yu,Kyung,Medium,3500.0,July
10282,41,100.0,5,7071.27,2004-08-20,Shipped,3,8,2004,Vintage Cars,207,S12_1108,Mini Gifts Distributors Ltd.,4155551450,5677 Strong St.,,San Rafael,CA,97562,USA,,Nelson,Valarie,Large,4100.0,August
10293,46,100.0,8,8411.56,2004-09-09,Shipped,3,9,2004,Vintage Cars,207,S12_1108,Amica Models & Co.,011-4988555,Via Monte Bianco 34,,Torino,,10100,Italy,EMEA,Accorti,Paolo,Large,4600.0,September
10306,31,100.0,13,6570.76,2004-10-14,Shipped,4,10,2004,Vintage Cars,207,S12_1108,"AV Stores, Co.",(171) 555-1555,Fauntleroy Circus,,Manchester,,EC2 5NT,UK,EMEA,Ashworth,Victoria,Medium,3100.0,October
10314,38,100.0,5,7975.44,2004-10-22,Shipped,4,10,2004,Vintage Cars,207,S12_1108,Heintze Collectables,86 21 3555,Smagsloget 45,,Aaarhus,,8200,Denmark,EMEA,Ibsen,Palle,Large,3800.0,October
10336,33,57.22,10,1888.26,2004-11-20,Shipped,4,11,2004,Vintage Cars,207,S12_1108,"La Corne D'abondance, Co.",(1) 42.34.2555,"265, boulevard Charonne",,Paris,,75012,France,EMEA,Bertrand,Marie,Small,1888.26,November
10348,48,52.36,8,2513.28,2004-11-01,Shipped,4,11,2004,Vintage Cars,207,S12_1108,"Corrida Auto Replicas, Ltd",(91) 555 22 82,"C/ Araquil, 67",,Madrid,,28023,Spain,EMEA,Sommer,Mart¡n,Small,2513.2799999999997,November
10371,32,100.0,6,3560.64,2005-01-23,Shipped,1,1,2005,Vintage Cars,207,S12_1108,Mini Gifts Distributors Ltd.,4155551450,5677 Strong St.,,San Rafael,CA,97562,USA,,Nelson,Valarie,Medium,3200.0,January
10382,34,100.0,10,3823.64,2005-02-17,Shipped,1,2,2005,Vintage Cars,207,S12_1108,Mini Gifts Distributors Ltd.,4155551450,5677 Strong St.,,San Rafael,CA,97562,USA,,Nelson,Valarie,Medium,3400.0,February
10413,36,100.0,2,8677.8,2005-05-05,Shipped,2,5,2005,Vintage Cars,207,S12_1108,Gift Depot Inc.,2035552570,25593 South Bay Ln.,,Bridgewater,CT,97562,USA,,King,Julie,Large,3600.0,May
10113,21,100.0,2,3415.44,2003-03-26,Shipped,1,3,2003,Trucks and Buses,136,S12_1666,Mini Gifts Distributors Ltd.,4155551450,5677 Strong St.,,San Rafael,CA,97562,USA,,Nelson,Valarie,Medium,2100.0,March
10216,43,100.0,1,5759.42,2004-02-02,Shipped,1,2,2004,Trucks and Buses,136,S12_1666,Auto Assoc. & Cie.,30.59.8555,"67, avenue de l'Europe",,Versailles,,78000,France,EMEA,Tonini,Daniel,Medium,4300.0,February
10189,28,100.0,1,4512.48,2003-11-18,Shipped,4,11,2003,Motorcycles,150,S12_2823,Toys4GrownUps.com,6265557265,78934 Hillside Dr.,,Pasadena,CA,90003,USA,,Young,Julie,Medium,2800.0,November
10224,43,100.0,6,6087.94,2004-02-21,Shipped,1,2,2004,Motorcycles,150,S12_2823,Daedalus Designs Imports,20.16.1555,"184, chausse de Tournai",,Lille,,59000,France,EMEA,Rance,Martine,Medium,4300.0,February
10319,30,100.0,9,4111.8,2004-11-03,Shipped,4,11,2004,Motorcycles,150,S12_2823,Microscale Inc.,2125551957,5290 North Pendale Street,Suite 200,NYC,NY,10022,USA,,Kuo,Kee,Medium,3000.0,November
10104,34,100.0,1,5958.5,2003-01-31,Shipped,1,1,2003,Vintage Cars,151,S12_3148,Euro Shopping Channel,(91) 555 94 44,"C/ Moralzarzal, 86",,Madrid,,28034,Spain,EMEA,Freyre,Diego,Medium,3400.0,January
10230,43,100.0,1,7016.31,2004-03-15,Shipped,1,3,2004,Vintage Cars,151,S12_3148,"Blauer See Auto, Co.",+49 69 66 90 2555,Lyonerstr. 34,,Frankfurt,,60528,Germany,EMEA,Keitel,Roland,Large,4300.0,March
10324,27,54.33,1,1466.91,2004-11-05,Shipped,4,11,2004,Vintage Cars,151,S12_3148,Vitachrome Inc.,2125551500,2678 Kingston Rd.,Suite 101,NYC,NY,10022,USA,,Frick,Michael,Small,1466.9099999999999,November
10358,49,55.34,5,2711.66,2004-12-10,Shipped,4,12,2004,Vintage Cars,151,S12_3148,Euro Shopping Channel,(91) 555 94 44,"C/ Moralzarzal, 86",,Madrid,,28034,Spain,EMEA,Freyre,Diego,Small,2711.6600000000003,December
10372,40,100.0,4,5862.0,2005-01-26,Shipped,1,1,2005,Vintage Cars,151,S12_3148,"Tokyo Collectables, Ltd",+81 3 3584 0555,2-2-8 Roppongi,,Minato-ku,Tokyo,106-0032,Japan,Japan,Shimamura,Akiko,Medium,4000.0,January
10160,46,100.0,6,5294.14,2003-10-11,Shipped,4,10,2003,Vintage Cars,117,S12_3380,"Men 'R' US Retailers, Ltd.",2155554369,6047 Douglas Av.,,Los Angeles,CA,,USA,,Chandler,Michael,Medium,4600.0,October
10170,47,100.0,4,5464.69,2003-11-04,Shipped,4,11,2003,Vintage Cars,117,S12_3380,Mini Auto Werke,7675-3555,Kirchgasse 6,,Graz,,8010,Austria,EMEA,Mendel,Roland,Medium,4700.0,November
10212,39,100.0,16,4946.76,2004-01-16,Shipped,1,1,2004,Vintage Cars,117,S12_3380,Euro Shopping Channel,(91) 555 94 44,"C/ Moralzarzal, 86",,Madrid,,28034,Spain,EMEA,Freyre,Diego,Medium,3900.0,January
10376,35,100.0,1,3987.2,2005-02-08,Shipped,1,2,2005,Vintage Cars,117,S12_3380,Boards & Toys Co.,3105552373,4097 Douglas Av.,,Glendale,CA,92561,USA,,Young,Leslie,Medium,3500.0,February
10349,26,100.0,10,4408.56,2004-12-01,Shipped,4,12,2004,Vintage Cars,173,S12_3891,Muscle Machine Inc,2125557413,4092 Furth Circle,Suite 400,NYC,NY,10022,USA,,Young,Jeff,Medium,2600.0,December
10396,33,100.0,3,6109.29,2005-03-23,Shipped,1,3,2005,Vintage Cars,173,S12_3891,Mini Gifts Distributors Ltd.,4155551450,5677 Strong St.,,San Rafael,CA,97562,USA,,Nelson,Valarie,Medium,3300.0,March
10377,24,67.83,5,1627.92,2005-02-09,Shipped,1,2,2005,Vintage Cars,79,S12_3990,"Toys of Finland, Co.",90-224 8555,Keskuskatu 45,,Helsinki,,21240,Finland,EMEA,Karttunen,Matti,Small,1627.92,February
10115,46,100.0,5,5723.78,2003-04-04,Shipped,2,4,2003,Trucks and Buses,118,S12_4473,Classic Legends Inc.,2125558493,5905 Pompton St.,Suite 750,NYC,NY,10022,USA,,Hernandez,Maria,Medium,4600.0,April
10141,21,100.0,5,2140.11,2003-08-01,Shipped,3,8,2003,Trucks and Buses,118,S12_4473,Suominen Souveniers,+358 9 8045 555,"Software Engineering Center, SEC Oy",,Espoo,,FIN-02271,Finland,EMEA,Suominen,Kalle,Small,2100.0,August
10151,24,100.0,3,3327.6,2003-09-21,Shipped,3,9,2003,Trucks and Buses,118,S12_4473,"Oulu Toy Supplies, Inc.",981-443655,Torikatu 38,,Oulu,,90110,Finland,EMEA,Koskitalo,Pirkko,Medium,2400.0,September
10184,37,100.0,6,4516.22,2003-11-14,Shipped,4,11,2003,Trucks and Buses,118,S12_4473,"Iberia Gift Imports, Corp.",(95) 555 82 82,"C/ Romero, 33",,Sevilla,,41101,Spain,EMEA,Roel,Jose Pedro,Medium,3700.0,November
10195,49,100.0,6,6445.46,2003-11-25,Shipped,4,11,2003,Trucks and Buses,118,S12_4473,Mini Classics,9145554562,3758 North Pendale Street,,White Plains,NY,24067,USA,,Frick,Steve,Medium,4900.0,November
10219,48,100.0,2,4891.68,2004-02-10,Shipped,1,2,2004,Trucks and Buses,118,S12_4473,Signal Collectibles Ltd.,4155554312,2793 Furth Circle,,Brisbane,CA,94217,USA,,Taylor,Sue,Medium,4800.0,February
10246,46,100.0,5,5069.66,2004-05-05,Shipped,2,5,2004,Trucks and Buses,118,S12_4473,Euro Shopping Channel,(91) 555 94 44,"C/ Moralzarzal, 86",,Madrid,,28034,Spain,EMEA,Freyre,Diego,Medium,4600.0,May
10271,31,97.17,5,3012.27,2004-07-20,Shipped,3,7,2004,Trucks and Buses,118,S12_4473,Mini Gifts Distributors Ltd.,4155551450,5677 Strong St.,,San Rafael,CA,97562,USA,,Nelson,Valarie,Medium,3012.27,July
10292,21,100.0,8,2214.87,2004-09-08,Shipped,3,9,2004,Trucks and Buses,118,S12_4473,Land of Toys Inc.,2125557818,897 Long Airport Avenue,,NYC,NY,10022,USA,,Yu,Kwai,Small,2100.0,September
10412,54,100.0,5,5951.34,2005-05-03,Shipped,2,5,2005,Trucks and Buses,118,S12_4473,Euro Shopping Channel,(91) 555 94 44,"C/ Moralzarzal, 86",,Madrid,,28034,Spain,EMEA,Freyre,Diego,Medium,5400.0,May
10192,27,100.0,16,3544.56,2003-11-20,Shipped,4,11,2003,Vintage Cars,115,S12_4675,Online Diecast Creations Co.,6035558647,2304 Long Airport Avenue,,Nashua,NH,62005,USA,,Young,Valarie,Medium,2700.0,November
10239,21,93.28,5,1958.88,2004-04-12,Shipped,2,4,2004,Vintage Cars,115,S12_4675,"Oulu Toy Supplies, Inc.",981-443655,Torikatu 38,,Oulu,,90110,Finland,EMEA,Koskitalo,Pirkko,Small,1958.88,April
10277,28,100.0,1,3127.88,2004-08-04,Shipped,3,8,2004,Vintage Cars,115,S12_4675,"Dragon Souveniers, Ltd.",+65 221 7555,"Bronz Sok., Bronz Apt. 3/6 Tesvikiye",,Singapore,,79903,Singapore,Japan,Natividad,Eric,Medium,2800.0,August
10321,24,100.0,15,2984.88,2004-11-04,Shipped,4,11,2004,Vintage Cars,115,S12_4675,FunGiftIdeas.com,5085552555,1785 First Street,,New Bedford,MA,50553,USA,,Benitez,Violeta,Small,2400.0,November
10405,97,93.28,5,9048.16,2005-04-14,Shipped,2,4,2005,Vintage Cars,115,S12_4675,Mini Caravy,88.60.1555,"24, place Kluber",,Strasbourg,,67000,France,EMEA,Citeaux,Frederique,Large,9048.16,April
10109,26,100.0,4,4379.18,2003-03-10,Shipped,1,3,2003,Vintage Cars,141,S18_1129,Motor Mint Distributors Inc.,2155559857,11328 Douglas Av.,,Philadelphia,PA,71270,USA,,Hernandez,Rosa,Medium,2600.0,March
10136,25,100.0,2,3644.75,2003-07-04,Shipped,3,7,2003,Vintage Cars,141,S18_1129,Alpha Cognac,61.77.6555,1 rue Alsace-Lorraine,,Toulouse,,31000,France,EMEA,Roulet,Annette,Medium,2500.0,July
10148,23,100.0,13,2702.04,2003-09-11,Shipped,3,9,2003,Vintage Cars,141,S18_1129,"Anna's Decorations, Ltd",02 9936 8555,201 Miller Street,Level 15,North Sydney,NSW,2060,Australia,APAC,O'Hara,Anna,Small,2300.0,September
10161,28,100.0,12,3764.88,2003-10-17,Shipped,4,10,2003,Vintage Cars,141,S18_1129,Heintze Collectables,86 21 3555,Smagsloget 45,,Aaarhus,,8200,Denmark,EMEA,Ibsen,Palle,Medium,2800.0,October
10171,35,100.0,2,4508.0,2003-11-05,Shipped,4,11,2003,Vintage Cars,141,S18_1129,Quebec Home Shopping Network,(514) 555-8054,43 rue St. Laurent,,Montreal,Quebec,H1J 1C3,Canada,,Fresnisre,Jean,Medium,3500.0,November
10204,42,100.0,17,6182.4,2003-12-02,Shipped,4,12,2003,Vintage Cars,141,S18_1129,Muscle Machine Inc,2125557413,4092 Furth Circle,Suite 400,NYC,NY,10022,USA,,Young,Jeff,Medium,4200.0,December
10240,41,100.0,3,5628.89,2004-04-13,Shipped,2,4,2004,Vintage Cars,141,S18_1129,Osaka Souveniers Co.,+81 06 6342 5555,"Dojima Avanza 4F, 1-6-20 Dojima, Kita-ku",,Osaka,Osaka,530-0003,Japan,Japan,Kentary,Mory,Medium,4100.0,April
10278,34,100.0,6,4667.86,2004-08-06,Shipped,3,8,2004,Vintage Cars,141,S18_1129,Signal Gift Stores,7025551838,8489 Strong St.,,Las Vegas,NV,83030,USA,,King,Sue,Medium,3400.0,August
10301,37,100.0,8,5917.78,2003-10-05,Shipped,4,10,2003,Vintage Cars,141,S18_1129,"Norway Gifts By Mail, Co.",+47 2212 1555,"Drammensveien 126 A, PB 744 Sentrum",,Oslo,,N 0106,Norway,EMEA,Klaeboe,Jan,Medium,3700.0,October
10331,46,100.0,6,6434.02,2004-11-17,Shipped,4,11,2004,Vintage Cars,141,S18_1129,Motor Mint Distributors Inc.,2155559857,11328 Douglas Av.,,Philadelphia,PA,71270,USA,,Hernandez,Rosa,Medium,4600.0,November
10342,40,100.0,2,6454.4,2004-11-24,Shipped,4,11,2004,Vintage Cars,141,S18_1129,"Australian Collectors, Co.",03 9520 4555,636 St Kilda Road,Level 3,Melbourne,Victoria,3004,Australia,APAC,Ferguson,Peter,Medium,4000.0,November
10356,43,97.6,8,4196.8,2004-12-09,Shipped,4,12,2004,Vintage Cars,141,S18_1129,Lyon Souveniers,+33 1 46 62 7555,27 rue du Colonel Pierre Avia,,Paris,,75508,France,EMEA,Da Cunha,Daniel,Medium,4196.8,December
10365,30,87.06,1,2611.8,2005-01-07,Shipped,1,1,2005,Vintage Cars,141,S18_1129,Mini Creations Ltd.,5085559555,4575 Hillside Dr.,,New Bedford,MA,50553,USA,,Tam,Wing C,Small,2611.8,January
10390,36,93.77,14,3375.72,2005-03-04,Shipped,1,3,2005,Vintage Cars,141,S18_1129,Mini Gifts Distributors Ltd.,4155551450,5677 Strong St.,,San Rafael,CA,97562,USA,,Nelson,Valarie,Medium,3375.72,March
10406,61,100.0,3,8374.69,2005-04-15,Disputed,2,4,2005,Vintage Cars,141,S18_1129,Danish Wholesale Imports,31 12 3555,Vinb'ltet 34,,Kobenhavn,,1734,Denmark,EMEA,Petersen,Jytte,Large,6100.0,April
10102,39,100.0,2,4808.31,2003-01-10,Shipped,1,1,2003,Vintage Cars,102,S18_1342,Vitachrome Inc.,2125551500,2678 Kingston Rd.,Suite 101,NYC,NY,10022,USA,,Frick,Michael,Medium,3900.0,January
10111,33,99.66,6,3288.78,2003-03-25,Shipped,1,3,2003,Vintage Cars,102,S18_1342,Mini Wheels Co.,6505555787,5557 North Pendale Street,,San Francisco,CA,,USA,,Murphy,Julie,Medium,3288.7799999999997,March
10125,32,100.0,1,3254.72,2003-05-21,Shipped,2,5,2003,Vintage Cars,102,S18_1342,"Australian Collectors, Co.",03 9520 4555,636 St Kilda Road,Level 3,Melbourne,Victoria,3004,Australia,APAC,Ferguson,Peter,Medium,3200.0,May
10139,31,100.0,7,3184.94,2003-07-16,Shipped,3,7,2003,Vintage Cars,102,S18_1342,Souveniers And Things Co.,+61 2 9495 8555,"Monitor Money Building, 815 Pacific Hwy",Level 6,Chatswood,NSW,2067,Australia,APAC,Huxley,Adrian,Medium,3100.0,July
10149,50,100.0,4,5907.5,2003-09-12,Shipped,3,9,2003,Vintage Cars,102,S18_1342,Signal Collectibles Ltd.,4155554312,2793 Furth Circle,,Brisbane,CA,94217,USA,,Taylor,Sue,Medium,5000.0,September
10162,48,91.44,2,4389.12,2003-10-18,Shipped,4,10,2003,Vintage Cars,102,S18_1342,Corporate Gift Ideas Co.,6505551386,7734 Strong St.,,San Francisco,CA,,USA,,Brown,Julie,Medium,4389.12,October
10173,43,100.0,6,5036.16,2003-11-05,Shipped,4,11,2003,Vintage Cars,102,S18_1342,Rovelli Gifts,035-640555,Via Ludovico il Moro 22,,Bergamo,,24100,Italy,EMEA,Rovelli,Giovanni,Medium,4300.0,November
10182,25,87.33,3,2183.25,2003-11-12,Shipped,4,11,2003,Vintage Cars,102,S18_1342,Mini Gifts Distributors Ltd.,4155551450,5677 Strong St.,,San Rafael,CA,97562,USA,,Nelson,Valarie,Small,2183.25,November
10193,28,100.0,7,3106.88,2003-11-21,Shipped,4,11,2003,Vintage Cars,102,S18_1342,"Australian Collectables, Ltd",61-9-3844-6555,7 Allen Street,,Glen Waverly,Victoria,3150,Australia,APAC,Connery,Sean,Medium,2800.0,November
10205,36,100.0,2,3735.72,2003-12-03,Shipped,4,12,2003,Vintage Cars,102,S18_1342,Euro Shopping Channel,(91) 555 94 44,"C/ Moralzarzal, 86",,Madrid,,28034,Spain,EMEA,Freyre,Diego,Medium,3600.0,December
10227,25,100.0,3,2953.75,2004-03-02,Shipped,1,3,2004,Vintage Cars,102,S18_1342,"Saveley & Henriot, Co.",78.32.5555,"2, rue du Commerce",,Lyon,,69004,France,EMEA,Saveley,Mary,Small,2500.0,March
10244,40,100.0,7,4684.8,2004-04-29,Shipped,2,4,2004,Vintage Cars,102,S18_1342,Euro Shopping Channel,(91) 555 94 44,"C/ Moralzarzal, 86",,Madrid,,28034,Spain,EMEA,Freyre,Diego,Medium,4000.0,April
10256,34,95.55,2,3248.7,2004-06-08,Shipped,2,6,2004,Vintage Cars,102,S18_1342,Danish Wholesale Imports,31 12 3555,Vinb'ltet 34,,Kobenhavn,,1734,Denmark,EMEA,Petersen,Jytte,Medium,3248.7,June
10289,38,100.0,2,4567.98,2004-09-03,Shipped,3,9,2004,Vintage Cars,102,S18_1342,Herkku Gifts,+47 2267 3215,"Drammen 121, PR 744 Sentrum",,Bergen,,N 5804,Norway,EMEA,Oeztan,Veysel,Medium,3800.0,September
10332,46,95.13,15,4375.98,2004-11-17,Shipped,4,11,2004,Vintage Cars,102,S18_1342,"AV Stores, Co.",(171) 555-1555,Fauntleroy Circus,,Manchester,,EC2 5NT,UK,EMEA,Ashworth,Victoria,Medium,4375.98,November
10346,42,36.11,3,1516.62,2004-11-29,Shipped,4,11,2004,Vintage Cars,102,S18_1342,Signal Gift Stores,7025551838,8489 Strong St.,,Las Vegas,NV,83030,USA,,King,Sue,Small,1516.62,November
10380,27,93.16,13,2515.32,2005-02-16,Shipped,1,2,2005,Vintage Cars,102,S18_1342,Euro Shopping Channel,(91) 555 94 44,"C/ Moralzarzal, 86",,Madrid,,28034,Spain,EMEA,Freyre,Diego,Small,2515.3199999999997,February
10422,51,95.55,2,4873.05,2005-05-30,In Process,2,5,2005,Vintage Cars,102,S18_1342,Diecast Classics Inc.,2155551555,7586 Pompton St.,,Allentown,PA,70267,USA,,Yu,Kyung,Medium,4873.05,May
10110,37,100.0,16,5433.08,2003-03-18,Shipped,1,3,2003,Vintage Cars,124,S18_1589,"AV Stores, Co.",(171) 555-1555,Fauntleroy Circus,,Manchester,,EC2 5NT,UK,EMEA,Ashworth,Victoria,Medium,3700.0,March
10123,26,100.0,2,3073.72,2003-05-20,Shipped,2,5,2003,Vintage Cars,124,S18_1589,Atelier graphique,40.32.2555,"54, rue Royale",,Nantes,,44000,France,EMEA,Schmitt,Carine,Medium,2600.0,May
10137,44,99.55,2,4380.2,2003-07-10,Shipped,3,7,2003,Vintage Cars,124,S18_1589,Reims Collectables,26.47.1555,59 rue de l'Abbaye,,Reims,,51100,France,EMEA,Henriot,Paul,Medium,4380.2,July
10172,42,100.0,6,4965.24,2003-11-05,Shipped,4,11,2003,Vintage Cars,124,S18_1589,Gift Depot Inc.,2035552570,25593 South Bay Ln.,,Bridgewater,CT,97562,USA,,King,Julie,Medium,4200.0,November
10226,38,100.0,4,4161.38,2004-02-26,Shipped,1,2,2004,Vintage Cars,124,S18_1589,Collectable Mini Designs Co.,7605558146,361 Furth Circle,,San Diego,CA,91217,USA,,Thompson,Valarie,Medium,3800.0,February
10241,21,100.0,11,2508.66,2004-04-13,Shipped,2,4,2004,Vintage Cars,124,S18_1589,Mini Caravy,88.60.1555,"24, place Kluber",,Strasbourg,,67000,France,EMEA,Citeaux,Frederique,Small,2100.0,April
10288,20,100.0,14,2936.8,2004-09-01,Shipped,3,9,2004,Vintage Cars,124,S18_1589,Handji Gifts& Co,+65 224 1555,Village Close - 106 Linden Road Sandown,2nd Floor,Singapore,,69045,Singapore,APAC,Victorino,Wendy,Small,2000.0,September
10311,29,100.0,9,2923.2,2004-10-16,Shipped,4,10,2004,Vintage Cars,124,S18_1589,Euro Shopping Channel,(91) 555 94 44,"C/ Moralzarzal, 86",,Madrid,,28034,Spain,EMEA,Freyre,Diego,Small,2900.0,October
10343,36,100.0,4,5848.92,2004-11-24,Shipped,4,11,2004,Vintage Cars,124,S18_1589,Reims Collectables,26.47.1555,59 rue de l'Abbaye,,Reims,,51100,France,EMEA,Henriot,Paul,Medium,3600.0,November
10367,49,56.3,1,2758.7,2005-01-12,Resolved,1,1,2005,Vintage Cars,124,S18_1589,Toys4GrownUps.com,6265557265,78934 Hillside Dr.,,Pasadena,CA,90003,USA,,Young,Julie,Small,2758.7,January
10378,34,42.64,5,1449.76,2005-02-10,Shipped,1,2,2005,Vintage Cars,124,S18_1589,Euro Shopping Channel,(91) 555 94 44,"C/ Moralzarzal, 86",,Madrid,,28034,Spain,EMEA,Freyre,Diego,Small,1449.76,February
10407,59,100.0,11,7048.14,2005-04-22,On Hold,2,4,2005,Vintage Cars,124,S18_1589,The Sharp Gifts Warehouse,4085553659,3086 Ingle Ln.,,San Jose,CA,94217,USA,,Frick,Sue,Large,5900.0,April
10106,36,100.0,12,5279.4,2003-02-17,Shipped,1,2,2003,Planes,157,S18_1662,Rovelli Gifts,035-640555,Via Ludovico il Moro 22,,Bergamo,,24100,Italy,EMEA,Rovelli,Giovanni,Medium,3600.0,February
10131,21,100.0,4,2781.66,2003-06-16,Shipped,2,6,2003,Planes,157,S18_1662,Gift Ideas Corp.,2035554407,2440 Pompton St.,,Glendale,CT,97561,USA,,Lewis,Dan,Small,2100.0,June
10198,42,100.0,4,7483.98,2003-11-27,Shipped,4,11,2003,Planes,157,S18_1662,Cruz & Sons Co.,+63 2 555 3587,15 McCallum Street - NatWest Center #13-03,,Makati City,,1227 MM,Philippines,Japan,Cruz,Arnold,Large,4200.0,November
10250,45,100.0,14,8160.3,2004-05-11,Shipped,2,5,2004,Planes,157,S18_1662,The Sharp Gifts Warehouse,4085553659,3086 Ingle Ln.,,San Jose,CA,94217,USA,,Frick,Sue,Large,4500.0,May
10262,49,100.0,9,6567.96,2004-06-24,Cancelled,2,6,2004,Planes,157,S18_1662,Euro Shopping Channel,(91) 555 94 44,"C/ Moralzarzal, 86",,Madrid,,28034,Spain,EMEA,Freyre,Diego,Medium,4900.0,June
10274,41,100.0,1,6724.0,2004-07-21,Shipped,3,7,2004,Planes,157,S18_1662,Collectables For Less Inc.,6175558555,7825 Douglas Av.,,Brickhaven,MA,58339,USA,,Nelson,Allen,Medium,4100.0,July
10284,45,100.0,11,5747.85,2004-08-21,Shipped,3,8,2004,Planes,157,S18_1662,"Norway Gifts By Mail, Co.",+47 2212 1555,"Drammensveien 126 A, PB 744 Sentrum",,Oslo,,N 0106,Norway,EMEA,Klaeboe,Jan,Medium,4500.0,August
10296,36,100.0,7,5676.84,2004-09-15,Shipped,3,9,2004,Planes,157,S18_1662,"Bavarian Collectables Imports, Co.",+49 89 61 08 9555,Hansastr. 15,,Munich,,80686,Germany,EMEA,Donnermeyer,Michael,Medium,3600.0,September
10327,25,100.0,6,2804.75,2004-11-10,Resolved,4,11,2004,Planes,157,S18_1662,Danish Wholesale Imports,31 12 3555,Vinb'ltet 34,,Kobenhavn,,1734,Denmark,EMEA,Petersen,Jytte,Small,2500.0,November
10338,41,100.0,1,5624.79,2004-11-22,Shipped,4,11,2004,Planes,157,S18_1662,Royale Belge,(071) 23 67 2555,"Boulevard Tirou, 255",,Charleroi,,B-6000,Belgium,EMEA,Cartrain,Pascale,Medium,4100.0,November
10351,39,99.52,1,3881.28,2004-12-03,Shipped,4,12,2004,Planes,157,S18_1662,"Stylish Desk Decors, Co.",(171) 555-0297,35 King George,,London,,WX3 6FW,UK,EMEA,Brown,Ann,Medium,3881.2799999999997,December
10386,25,54.57,7,1364.25,2005-03-01,Resolved,1,3,2005,Planes,157,S18_1662,Euro Shopping Channel,(91) 555 94 44,"C/ Moralzarzal, 86",,Madrid,,28034,Spain,EMEA,Freyre,Diego,Small,1364.25,March
10398,33,100.0,11,4215.09,2005-03-30,Shipped,1,3,2005,Planes,157,S18_1662,Reims Collectables,26.47.1555,59 rue de l'Abbaye,,Reims,,51100,France,EMEA,Henriot,Paul,Medium,3300.0,March
10416,24,100.0,14,4352.16,2005-05-10,Shipped,2,5,2005,Planes,157,S18_1662,L'ordine Souveniers,0522-556555,Strada Provinciale 124,,Reggio Emilia,,42100,Italy,EMEA,Moroni,Maurizio,Medium,2400.0,May
10100,30,100.0,3,5151.0,2003-01-06,Shipped,1,1,2003,Vintage Cars,170,S18_1749,Online Diecast Creations Co.,6035558647,2304 Long Airport Avenue,,Nashua,NH,62005,USA,,Young,Valarie,Medium,3000.0,January
10124,21,100.0,6,2856.0,2003-05-21,Shipped,2,5,2003,Vintage Cars,170,S18_1749,Signal Gift Stores,7025551838,8489 Strong St.,,Las Vegas,NV,83030,USA,,King,Sue,Small,2100.0,May
10214,30,100.0,7,5967.0,2004-01-26,Shipped,1,1,2004,Vintage Cars,170,S18_1749,"Corrida Auto Replicas, Ltd",(91) 555 22 82,"C/ Araquil, 67",,Madrid,,28023,Spain,EMEA,Sommer,Mart¡n,Medium,3000.0,January
10302,43,100.0,1,7310.0,2003-10-06,Shipped,4,10,2003,Vintage Cars,170,S18_1749,"UK Collectables, Ltd.",(171) 555-2282,Berkeley Gardens 12  Brewery,,Liverpool,,WX1 6LT,UK,EMEA,Devon,Elizabeth,Large,4300.0,October
10344,45,100.0,1,7650.0,2004-11-25,Shipped,4,11,2004,Vintage Cars,170,S18_1749,Marseille Mini Autos,91.24.4555,"12, rue des Bouchers",,Marseille,,13008,France,EMEA,Lebihan,Laurence,Large,4500.0,November
10379,39,100.0,2,5399.55,2005-02-10,Shipped,1,2,2005,Vintage Cars,170,S18_1749,Euro Shopping Channel,(91) 555 94 44,"C/ Moralzarzal, 86",,Madrid,,28034,Spain,EMEA,Freyre,Diego,Medium,3900.0,February
10420,37,100.0,5,5283.6,2005-05-29,In Process,2,5,2005,Vintage Cars,170,S18_1749,Souveniers And Things Co.,+61 2 9495 8555,"Monitor Money Building, 815 Pacific Hwy",Level 6,Chatswood,NSW,2067,Australia,APAC,Huxley,Adrian,Medium,3700.0,May
10366,34,100.0,3,4207.84,2005-01-10,Shipped,1,1,2005,Vintage Cars,142,S18_1984,Royale Belge,(071) 23 67 2555,"Boulevard Tirou, 255",,Charleroi,,B-6000,Belgium,EMEA,Cartrain,Pascale,Medium,3400.0,January
10303,46,49.04,2,2255.84,2004-10-06,Shipped,4,10,2004,Vintage Cars,60,S18_2248,"Iberia Gift Imports, Corp.",(95) 555 82 82,"C/ Romero, 33",,Sevilla,,41101,Spain,EMEA,Roel,Jose Pedro,Small,2255.84,October
10383,27,100.0,11,3843.99,2005-02-22,Shipped,1,2,2005,Trucks and Buses,122,S18_2319,Euro Shopping Channel,(91) 555 94 44,"C/ Moralzarzal, 86",,Madrid,,28034,Spain,EMEA,Freyre,Diego,Medium,2700.0,February
10101,25,100.0,4,3782.0,2003-01-09,Shipped,1,1,2003,Vintage Cars,127,S18_2325,"Blauer See Auto, Co.",+49 69 66 90 2555,Lyonerstr. 34,,Frankfurt,,60528,Germany,EMEA,Keitel,Roland,Medium,2500.0,January
10243,47,100.0,2,6154.18,2004-04-26,Shipped,2,4,2004,Vintage Cars,127,S18_2325,Diecast Collectables,6175552555,6251 Ingle Ln.,,Boston,MA,51003,USA,,Franco,Valarie,Medium,4700.0,April
10409,6,100.0,2,785.64,2005-04-23,Shipped,2,4,2005,Vintage Cars,127,S18_2325,Handji Gifts& Co,+65 224 1555,Village Close - 106 Linden Road Sandown,2nd Floor,Singapore,,69045,Singapore,APAC,Victorino,Wendy,Small,600.0,April
10133,49,69.27,3,3394.23,2003-06-27,Shipped,2,6,2003,Planes,84,S18_2581,Euro Shopping Channel,(91) 555 94 44,"C/ Moralzarzal, 86",,Madrid,,28034,Spain,EMEA,Freyre,Diego,Medium,3394.23,June
10235,24,76.03,3,1824.72,2004-04-02,Shipped,2,4,2004,Planes,84,S18_2581,"Royal Canadian Collectables, Ltd.",(604) 555-4555,23 Tsawassen Blvd.,,Tsawassen,BC,T2F 8M4,Canada,,Lincoln,Elizabeth,Small,1824.72,April
10297,25,82.79,4,2069.75,2004-09-16,Shipped,3,9,2004,Planes,84,S18_2581,"Clover Collections, Co.",+353 1862 1555,25 Maiden Lane,Floor No. 4,Dublin,,2,Ireland,EMEA,Cassidy,Dean,Small,2069.75,September
10353,27,100.0,1,3515.67,2004-12-04,Shipped,4,12,2004,Planes,84,S18_2581,Gift Ideas Corp.,2035554407,2440 Pompton St.,,Glendale,CT,97561,USA,,Lewis,Dan,Medium,2700.0,December
10401,42,76.03,3,3193.26,2005-04-03,On Hold,2,4,2005,Planes,84,S18_2581,Tekni Collectables Inc.,2015559350,7476 Moss Rd.,,Newark,NJ,94019,USA,,Brown,William,Medium,3193.26,April
10255,24,100.0,1,3726.0,2004-06-04,Shipped,2,6,2004,Vintage Cars,168,S18_2795,Mini Caravy,88.60.1555,"24, place Kluber",,Strasbourg,,67000,France,EMEA,Citeaux,Frederique,Medium,2400.0,June
10421,35,100.0,1,5433.75,2005-05-29,In Process,2,5,2005,Vintage Cars,168,S18_2795,Mini Gifts Distributors Ltd.,4155551450,5677 Strong St.,,San Rafael,CA,97562,USA,,Nelson,Valarie,Medium,3500.0,May
10257,50,88.14,1,4407.0,2004-06-14,Shipped,2,6,2004,Vintage Cars,101,S18_2949,The Sharp Gifts Warehouse,4085553659,3086 Ingle Ln.,,San Jose,CA,94217,USA,,Frick,Sue,Medium,4407.0,June
10423,10,88.14,1,881.4,2005-05-30,In Process,2,5,2005,Vintage Cars,101,S18_2949,Petit Auto,(02) 5554 67,Rue Joseph-Bens 532,,Bruxelles,,B-1180,Belgium,EMEA,Dewey,Catherine,Small,881.4,May
10269,32,63.08,1,2018.56,2004-07-16,Shipped,3,7,2004,Vintage Cars,62,S18_2957,Salzburg Collectables,6562-9555,Geislweg 14,,Salzburg,,5020,Austria,EMEA,Pipps,Georg,Small,2018.56,July
10392,37,59.96,3,2218.52,2005-03-10,Shipped,1,3,2005,Vintage Cars,62,S18_2957,Mini Auto Werke,7675-3555,Kirchgasse 6,,Graz,,8010,Austria,EMEA,Mendel,Roland,Small,2218.52,March
10130,40,96.34,2,3853.6,2003-06-16,Shipped,2,6,2003,Ships,86,S18_3029,Auto-Moto Classics Inc.,6175558428,16780 Pompton St.,,Brickhaven,MA,58339,USA,,Taylor,Leslie,Medium,3853.6000000000004,June
10128,41,100.0,2,5544.02,2003-06-06,Shipped,2,6,2003,Vintage Cars,136,S18_3140,Euro Shopping Channel,(91) 555 94 44,"C/ Moralzarzal, 86",,Madrid,,28034,Spain,EMEA,Freyre,Diego,Medium,4100.0,June
10166,43,100.0,2,6930.74,2003-10-21,Shipped,4,10,2003,Vintage Cars,136,S18_3140,FunGiftIdeas.com,5085552555,1785 First Street,,New Bedford,MA,50553,USA,,Benitez,Violeta,Medium,4300.0,October
10177,23,100.0,9,3675.63,2003-11-07,Shipped,4,11,2003,Vintage Cars,136,S18_3140,CAF Imports,+34 913 728 555,"Merchants House, 27-30 Merchant's Quay",,Madrid,,28023,Spain,EMEA,Fernandez,Jesus,Medium,2300.0,November
10221,33,100.0,3,4417.38,2004-02-18,Shipped,1,2,2004,Vintage Cars,136,S18_3140,Petit Auto,(02) 5554 67,Rue Joseph-Bens 532,,Bruxelles,,B-1180,Belgium,EMEA,Dewey,Catherine,Medium,3300.0,February
10232,22,100.0,6,3606.02,2004-03-20,Shipped,1,3,2004,Vintage Cars,136,S18_3140,giftsbymail.co.uk,(198) 555-8888,Garden House Crowther Way,,Cowes,Isle of Wight,PO31 7PJ,UK,EMEA,Bennett,Helen,Medium,2200.0,March
10394,22,100.0,5,3353.02,2005-03-15,Shipped,1,3,2005,Vintage Cars,169,S18_3232,Euro Shopping Channel,(91) 555 94 44,"C/ Moralzarzal, 86",,Madrid,,28034,Spain,EMEA,Freyre,Diego,Medium,2200.0,March
10326,32,100.0,6,3807.68,2004-11-09,Shipped,4,11,2004,Trains,100,S18_3259,"Volvo Model Replicas, Co",0921-12 3555,Berguvsvgen  8,,Lule,,S-958 22,Sweden,EMEA,Berglund,Christina,Medium,3200.0,November
10252,20,76.39,2,1527.8,2004-05-26,Shipped,2,5,2004,Vintage Cars,80,S18_3278,Auto Canal Petit,(1) 47.55.6555,"25, rue Lauriston",,Paris,,75016,France,EMEA,Perrier,Dominique,Small,1527.8,May
10265,45,86.84,2,3907.8,2004-07-02,Shipped,3,7,2004,Vintage Cars,80,S18_3278,"Australian Collectables, Ltd",61-9-3844-6555,7 Allen Street,,Glen Waverly,Victoria,3150,Australia,APAC,Connery,Sean,Medium,3907.8,July
10290,26,96.23,2,2501.98,2004-09-07,Shipped,3,9,2004,Vintage Cars,99,S18_3320,Auto-Moto Classics Inc.,6175558428,16780 Pompton St.,,Brickhaven,MA,58339,USA,,Taylor,Leslie,Small,2501.98,September
10323,33,91.27,2,3011.91,2004-11-05,Shipped,4,11,2004,Vintage Cars,99,S18_3320,"Blauer See Auto, Co.",+49 69 66 90 2555,Lyonerstr. 34,,Frankfurt,,60528,Germany,EMEA,Keitel,Roland,Medium,3011.91,November
10330,37,100.0,3,4405.22,2004-11-16,Shipped,4,11,2004,Vintage Cars,146,S18_3482,Cruz & Sons Co.,+63 2 555 3587,15 McCallum Street - NatWest Center #13-03,,Makati City,,1227 MM,Philippines,Japan,Cruz,Arnold,Medium,3700.0,November
10355,23,100.0,7,3177.91,2004-12-07,Shipped,4,12,2004,Vintage Cars,146,S18_3482,Euro Shopping Channel,(91) 555 94 44,"C/ Moralzarzal, 86",,Madrid,,28034,Spain,EMEA,Freyre,Diego,Medium,2300.0,December
10146,47,67.14,2,3155.58,2003-09-03,Shipped,3,9,2003,Motorcycles,62,S18_3782,Gift Ideas Corp.,2035554407,2440 Pompton St.,,Glendale,CT,97561,USA,,Lewis,Dan,Medium,3155.58,September
10264,48,54.71,3,2626.08,2004-06-30,Shipped,2,6,2004,Motorcycles,62,S18_3782,Gifts4AllAges.com,6175559555,8616 Spinnaker Dr.,,Boston,MA,51003,USA,,Yoshido,Juri,Small,2626.08,June
10286,38,57.2,1,2173.6,2004-08-28,Shipped,3,8,2004,Motorcycles,62,S18_3782,"La Corne D'abondance, Co.",(1) 42.34.2555,"265, boulevard Charonne",,Paris,,75012,France,EMEA,Bertrand,Marie,Small,2173.6,August
10249,46,100.0,5,5600.5,2004-05-08,Shipped,2,5,2004,Vintage Cars,105,S18_3856,Cambridge Collectables Co.,6175555555,4658 Baden Av.,,Cambridge,MA,51247,USA,,Tseng,Kyung,Medium,4600.0,May
10328,34,100.0,6,3815.48,2004-11-12,Shipped,4,11,2004,Vintage Cars,105,S18_3856,Rovelli Gifts,035-640555,Via Ludovico il Moro 22,,Bergamo,,24100,Italy,EMEA,Rovelli,Giovanni,Medium,3400.0,November
10415,51,100.0,5,6209.25,2005-05-09,Disputed,2,5,2005,Vintage Cars,105,S18_3856,"Australian Collectables, Ltd",61-9-3844-6555,7 Allen Street,,Glen Waverly,Victoria,3150,Australia,APAC,Connery,Sean,Medium,5100.0,May
10152,35,100.0,1,4524.1,2003-09-25,Shipped,3,9,2003,Vintage Cars,143,S18_4027,"Australian Gift Network, Co",61-7-3844-6555,31 Duncan St. West End,,South Brisbane,Queensland,4101,Australia,APAC,Calaghan,Tony,Medium,3500.0,September
10213,38,94.79,1,3602.02,2004-01-22,Shipped,1,1,2004,Vintage Cars,92,S18_4409,"Double Decker Gift Stores, Ltd",(171) 555-7555,120 Hanover Sq.,,London,,WA1 1DP,UK,EMEA,Hardy,Thomas,Medium,3602.0200000000004,January
10315,36,100.0,7,3602.16,2004-10-29,Shipped,4,10,2004,Vintage Cars,87,S18_4522,La Rochelle Gifts,40.67.8555,"67, rue des Cinquante Otages",,Nantes,,44000,France,EMEA,Labrune,Janine,Medium,3600.0,October
10267,36,75.55,1,2719.8,2004-07-07,Shipped,3,7,2004,Vintage Cars,71,S18_4933,Muscle Machine Inc,2125557413,4092 Furth Circle,Suite 400,NYC,NY,10022,USA,,Young,Jeff,Small,2719.7999999999997,July
10279,26,60.58,1,1575.08,2004-08-09,Shipped,3,8,2004,Vintage Cars,71,S18_4933,Euro Shopping Channel,(91) 555 94 44,"C/ Moralzarzal, 86",,Madrid,,28034,Spain,EMEA,Freyre,Diego,Small,1575.08,August
10158,22,67.03,1,1474.66,2003-10-10,Shipped,4,10,2003,Motorcycles,76,S24_2000,Baane Mini Imports,07-98 9555,Erling Skakkes gate 78,,Stavern,,4110,Norway,EMEA,Bergulfsen,Jonas,Small,1474.66,October
10340,55,79.98,8,4398.9,2004-11-24,Shipped,4,11,2004,Motorcycles,76,S24_2000,Enaco Distributors,(93) 203 4555,"Rambla de Catalu¤a, 23",,Barcelona,,8022,Spain,EMEA,Saavedra,Eduardo,Medium,4398.900000000001,November
10345,43,53.76,1,2311.68,2004-11-25,Shipped,4,11,2004,Vintage Cars,44,S24_2022,Atelier graphique,40.32.2555,"54, rue Royale",,Nantes,,44000,France,EMEA,Schmitt,Carine,Small,2311.68,November
10190,42,76.19,3,3199.98,2003-11-19,Shipped,4,11,2003,Motorcycles,69,S24_2360,Euro Shopping Channel,(91) 555 94 44,"C/ Moralzarzal, 86",,Madrid,,28034,Spain,EMEA,Freyre,Diego,Medium,3199.98,November
10368,40,100.0,2,4107.2,2005-01-19,Shipped,1,1,2005,Vintage Cars,90,S24_2766,Mini Gifts Distributors Ltd.,4155551450,5677 Strong St.,,San Rafael,CA,97562,USA,,Nelson,Valarie,Medium,4000.0,January
10335,33,37.13,2,1225.29,2004-11-19,Shipped,4,11,2004,Vintage Cars,35,S24_2840,Mini Gifts Distributors Ltd.,4155551450,5677 Strong St.,,San Rafael,CA,97562,USA,,Nelson,Valarie,Small,1225.2900000000002,November
10154,31,91.17,2,2826.27,2003-10-02,Shipped,4,10,2003,Vintage Cars,88,S24_3151,Boards & Toys Co.,3105552373,4097 Douglas Av.,,Glendale,CA,92561,USA,,Young,Leslie,Small,2826.27,October
10233,40,94.71,2,3788.4,2004-03-29,Shipped,1,3,2004,Vintage Cars,88,S24_3151,Tekni Collectables Inc.,2015559350,7476 Moss Rd.,,Newark,NJ,94019,USA,,Brown,William,Medium,3788.3999999999996,March
10385,37,85.54,2,3164.98,2005-02-28,Shipped,1,2,2005,Vintage Cars,83,S24_3816,Mini Gifts Distributors Ltd.,4155551450,5677 Strong St.,,San Rafael,CA,97562,USA,,Nelson,Valarie,Medium,3164.98,February
10242,46,36.93,1,1698.78,2004-04-20,Shipped,2,4,2004,Vintage Cars,41,S24_3969,Microscale Inc.,2125551957,5290 North Pendale Street,Suite 200,NYC,NY,10022,USA,,Kuo,Kee,Small,1698.78,April
10408,15,36.93,1,553.95,2005-04-22,Shipped,2,4,2005,Vintage Cars,41,S24_3969,"Tokyo Collectables, Ltd",+81 3 3584 0555,2-2-8 Roppongi,,Minato-ku,Tokyo,106-0032,Japan,Japan,Shimamura,Akiko,Small,553.95,April
10317,35,83.32,1,2916.2,2004-11-02,Shipped,4,11,2004,Planes,72,S24_4278,Technics Stores Inc.,6505556809,9408 Furth Circle,,Burlingame,CA,94217,USA,,Hirano,Juri,Small,2916.2,November
10387,44,94.9,1,4175.6,2005-03-02,Shipped,1,3,2005,Motorcycles,99,S32_1374,"Dragon Souveniers, Ltd.",+65 221 7555,"Bronz Sok., Bronz Apt. 3/6 Tesvikiye",,Singapore,,79903,Singapore,Japan,Natividad,Eric,Medium,4175.6,March
10364,48,48.28,1,2317.44,2005-01-06,Shipped,1,1,2005,Motorcycles,40,S32_2206,Marseille Mini Autos,91.24.4555,"12, rue des Bouchers",,Marseille,,13008,France,EMEA,Lebihan,Laurence,Small,2317.44,January
10116,27,63.38,1,1711.26,2003-04-11,Shipped,2,4,2003,Trains,62,S32_3207,Royale Belge,(071) 23 67 2555,"Boulevard Tirou, 255",,Charleroi,,B-6000,Belgium,EMEA,Cartrain,Pascale,Small,1711.26,April
10144,20,81.86,1,1637.2,2003-08-13,Shipped,3,8,2003,Vintage Cars,68,S32_4289,Royale Belge,(071) 23 67 2555,"Boulevard Tirou, 255",,Charleroi,,B-6000,Belgium,EMEA,Cartrain,Pascale,Small,1637.2,August
10156,20,41.02,1,820.4,2003-10-08,Shipped,4,10,2003,Vintage Cars,43,S50_1341,Euro Shopping Channel,(91) 555 94 44,"C/ Moralzarzal, 86",,Madrid,,28034,Spain,EMEA,Freyre,Diego,Small,820.4000000000001,October
10199,29,38.4,1,1113.6,2003-12-01,Shipped,4,12,2003,Vintage Cars,43,S50_1341,West Coast Collectables Co.,3105553722,3675 Furth Circle,,Burbank,CA,94019,USA,,Thompson,Steve,Small,1113.6,December
10397,32,80.55,5,2577.6,2005-03-28,Shipped,1,3,2005,Ships,86,S700_1938,Alpha Cognac,61.77.6555,1 rue Alsace-Lorraine,,Toulouse,,31000,France,EMEA,Roulet,Annette,Small,2577.6,March
10352,23,100.0,3,2352.67,2004-12-03,Shipped,4,12,2004,Ships,90,S700_2047,Auto-Moto Classics Inc.,6175558428,16780 Pompton St.,,Brickhaven,MA,58339,USA,,Taylor,Leslie,Small,2300.0,December
10118,36,100.0,1,4219.2,2003-04-21,Shipped,2,4,2003,Ships,100,S700_3505,Enaco Distributors,(93) 203 4555,"Rambla de Catalu¤a, 23",,Barcelona,,8022,Spain,EMEA,Saavedra,Eduardo,Medium,3600.0,April
10294,45,100.0,1,4692.6,2004-09-10,Shipped,3,9,2004,Ships,99,S700_3962,Online Mini Collectables,6175557555,7635 Spinnaker Dr.,,Brickhaven,MA,58339,USA,,Barajas,Miguel,Medium,4500.0,September
